Canada, Toronto, Ontario, Quebec, Native, Aboriginal,
Reservation, Indigenous, British, Columbia, Reserve, French,
English, Crown, King, Queen, Captain, animals,
trap, Christian, Church, Fort, James Bay, Saskatchewan,
Cree, Nishanawbe, Anishanawbe, Mohawk, Iroqouis, Algonquin,
Hudson's Bay, James Bay, Treaty, Peace, War, fight,
trade, beaver, trapping, trapper, furs, hunt,
resources, food, fish, Hudsons Bay, taxes, colonist,
Italian, Scottish, Scotland, immigrant, emmigrant, agreement,
Ireland, Wales, Dutch, Amsterdam, Denmark, German,
Irish, Welsh, Germanic, Indian, colonial, loyal,
